video_id,file_path,duration,frame_rate,resolution,motion_score,motion_variance,motion_tag,mood_tag,semantic_tags,formal_tags,emotional_tags,material_tags,dominant_colors,semantic_caption,ai_description
IMG_3002_prores_scene_001,/Volumes/CORSAIR/SCENES/IMG_3002_prores_scene_001_hap.mov,1.17,30.0,2160x3840,28.208,0.0,active,warm,"disney's_epcot, theme_park, waterway","golden_hour, reflections, ripples, warm_lighting","inviting, serene","natural_light, water","#807d64, #37352c, #90bbe2",a view of the water in front of disneyland park | a view of the waterway at disney's epcot theme park,"The waterway at Disney's Epcot theme park basks in the golden light of early evening. The sun's rays reflect off the gentle ripples creating an inviting, warm glow. Visitors are scattered along the walkways, calmly observing the serene waters. The backdrop includes architecture emblematic of the park's international pavilions, softly lit by the ambient natural light. Ducks skim across the water, adding life and motion to the scene which is otherwise tranquil."
IMG_2161_prores_scene_001,/Volumes/CORSAIR/SCENES/IMG_2161_prores_scene_001_hap.mov,7.71,29.97002997002997,2160x3840,3.274,0.165,still,cool,"blue, confetti, low_light, monochrome, purple, starry_sky, stars","contrast, still_life, two-dimensional","calm, mysterious, serene","ink, paper, photographic","#18082e, #310d5c, #0d031f",a black and white image of confetti in the form of stars | a purple and blue starry sky in the night sky,The image features a static display of star-shaped confetti scattering across the frame atop a background that resembles a purple and blue starry night sky. The confetti is presumably stationary against the vibrant backdrop.
00_0036_2013-12-28_012125_prores_scene_002,/Volumes/CORSAIR/SCENES/00_0036_2013-12-28_012125_prores_scene_002_hap.mov,5.37,29.97002997002997,720x480,53.349,2.161,dynamic,warm,"autumn_leaves, forest, frog, rocks, season_change, skateboard, snow, wildlife, winter","background, close_up, contrast, foreground, texture","solitude, tranquility","fabric, leaves, metal, rock, snow, wood","#776358, #e7e9ec, #af9c8f",a skateboard on the ground with leaves and snow | a close-up view of snow covered rocks on the ground | a frog in the snowy woods | a close-up of an image of snow on the ground | a snowy forest scene with leaves and rocks in the background,"A skateboard lies abandoned on the snowy ground, partially obscured by scattered leaves, highlighting the seasonal transition from autumn to winter. A close-up reveals intricately detailed snow-covered rocks, providing a textured foreground. A lone frog is unexpectedly perched within the snow-laden woods, its presence adding a touch of life to the dormant forest. Further examination shows a well-defined image of fresh snow blanketing the earth, its surface unmarred by footprints. The encompassing view of the scene reveals a forest in winter hibernation, where leaves and rocks lie in silent repose beneath a soft white cover."
00_0027_2013-12-28_010142_prores_scene_001,/Volumes/CORSAIR/SCENES/00_0027_2013-12-28_010142_prores_scene_001_hap.mov,3.7,29.97002997002997,720x480,21.499,0.0,active,cool,"animal, ice, icicle, snow, tree_branch, water","abstract, close_up, hanging, powdery, translucent","chill, crisp, delicate, reflections","ice, water, wood","#545e68, #272827, #40474c",a close-up of ice crystals on the side of an icicle | icicles hanging from a tree branch | a picture of an animal in the water | a close-up of ice crystals in the snow | a close-up of an object in the foreground,"A close-up reveals intricate ice crystals etching the surface of a translucent icicle. Overhead, more icicles gracefully drape from a tree branch, shimmering slightly as they catch the light. In the waters below, the blurry contour of an animal is just discernible beneath the icy sheen. Nearby, the delicate structure of ice crystals is showcased again on the powdery surface of the snow, capturing the essence of winter's chill. In the foreground, an indistinct object is coated in frost, its texture and form highlighted by the crisp focus."
IMG_0500_scene_001,/Volumes/CORSAIR/SCENES/IMG_0500_scene_001_hap.mov,15.53,30.0,2160x3840,17.746,7.213,active,cool,"branches, oak_tree, spider_web","cool_lighting, hanging, swaying",serene,"natural, silk, wood","#3671ab, #0a132d, #1f64a4",a spider web hanging from the branches of an oak tree,"Intricate spider web suspended between oak tree branches, swaying slightly."
IMG_4311_prores_scene_001,/Volumes/CORSAIR/SCENES/IMG_4311_prores_scene_001_hap.mov,6.09,24.0,1920x1080,31.914,26.796,dynamic,warm,"fireworks, light, low_light, sky, smoke, spectators","dynamic, ethereal, radiant, sparkling, warm_lighting","awe, delight, excitement, warm_lighting","firework_smoke, night_sky","#160c05, #828780, #bfcbc0",a group of people watching fireworks explode in front of them | a group of people standing in front of an image of smoke | a group of people standing in front of an image | a group of people watching fireworks at night,"A lively group of spectators is gathered, gazing upwards with a mixture of awe and delight at the sight of vivid fireworks bursting overhead. The night sky is ablaze with streaks of sparkling lights, casting a warm and radiant glow on the faces of the audience. Wisps of smoke linger in the air from the fading pyrotechnics, creating an ethereal backdrop. The atmosphere is charged with the dynamic movement of the fireworks and the subdued murmurs and exclamations of the crowd."
GOPR0246_prores_scene_005,/Volumes/CORSAIR/SCENES/GOPR0246_prores_scene_005_hap.mov,4.25,47.95,1920x1080,4.207,0.0,still,cool,"cool_lighting, dark_room, dj_booth, music_equipment, nightlife","color_contrast, cool_lighting, interior_space, low_light, minimal_light_sources","anticipatory, intimate, mysterious, serene","electronic_equipment, room_furnishings","#05020a, #090e3e, #0e2687",a dark room with blue lights in the background | dj set up in a dark room with blue lights,"A DJ setup occupies a considerably shadowed space, bathed subtly in blue hue emanating from an unclear source in the backdrop. The setup likely includes DJ decks, mixers, and turntables, comfortably spread within the performer's reach, waiting to be animated by touch. The blue illumination doesn't penetrate far but imparts a nocturnal and mysterious ambiance to the room, suggesting suppressed activity, yet a potential for rhythmic engagement."
MOV_5401_prores_scene_001,/Volumes/CORSAIR/SCENES/MOV_5401_prores_scene_001_hap.mov,7.71,29.97002997002997,2160x3840,3.274,0.165,still,cool,"confetti, monochrome, night_sky, starry_sky, stars","cool_lighting, nighttime, star_shapes, static","calm, mysterious, serene","celebration_material, paper_confetti, sky","#0d031f, #310d5c, #18082e",a black and white image of confetti in the form of stars | a purple and blue starry sky in the night sky,"Black and white image of star-shaped confetti scattered, overlaying a purple and blue starry night sky."
GOPR0501_prores_scene_001,/Volumes/CORSAIR/SCENES/GOPR0501_prores_scene_001_hap.mov,46.1,23.976023976023978,3840x2160,31.277,36.668,dynamic,neutral,"cemetery, field, grass, gravestones, landscape, nature, tree_stump, trees","background, dynamic, foreground, horizon, natural_light, serenity, shadows","peaceful, solemn, tranquil","earth, grass, stone, vegetation, wood","#b3c3d4, #48483a, #8d8660",a field of grass with trees and trees in the background | a cemetery with trees in the background | a group of trees in the middle of the grassy field | a tree stump in the middle of the grassy field | a cemetery with gravestones and grave markers,"A serene landscape with various elements intermingled. In the foreground, a grassy field sprawls with an isolated tree stump suggesting a pastoral setting. A stand of trees emerges centrally from the field, creating a natural gathering. Towards the background, another layer of trees marks the horizon line. On one side of the field, a cemetery sits solemnly with a collection of gravestones and markers amongst the grass while trees provide a quiet backdrop. The scene is dynamic with the possible movement of grass in the breeze and slight shadows cast by the trees indicating the day's time. The color mood is neutral, conveying neither warmth nor coolness decisively, while the lighting seems natural, suggesting outdoor daylight without extreme brightness or dimness."
IMG_8910_prores_scene_001,/Volumes/CORSAIR/SCENES/IMG_8910_prores_scene_001_hap.mov,78.6,23.976023976023978,1920x1080,20.376,21.889,active,cool,"blue_sky, bokeh, light_rays, reflection, water_surface","active_motion, blurred, close_up, reflections","cool, serene","light, sky, water","#c9cfd0, #8da7ae, #f7f6f6",a close-up of bokeh light rays on the water surface | bokeh light reflections on a blue sky | a close up shot of bokeh lights in the sky | a bokeh image with blurred reflections of light | a black and white image of bokeh,"Glittering bokeh lights shimmer across the water's surface against a cool-toned blue sky, with blurred light reflections dancing, suggesting active movement in a serene setting."
00_0014_2013-12-28_003909_prores_scene_002,/Volumes/CORSAIR/SCENES/00_0014_2013-12-28_003909_prores_scene_002_hap.mov,13.81,29.97002997002997,720x480,44.441,375.574,dynamic,warm,"branches, light, patterns, sun, tree","dappled_light, filtration, nature, sunrays","serenity, tranquility, warm_lighting","foliage, natural_light, wood","#877866, #f8f0e1, #292821",the sun shining through a tree,"The sun emits brilliant beams that filter through the branches of a tree, casting dappled patterns of light below."
IMG_0479_prores_scene_001,/Volumes/CORSAIR/SCENES/IMG_0479_prores_scene_001_hap.mov,19.27,15.0,224x128,9.075,13.019,moderate,cool,"bird, blue, clouds, egret_nest, nest, owl, perch, pole, sky","cool_lighting, high_angle, motion, perched, serenity, soft_lighting","calm, peaceful, tranquil","air, feathers, wood","#6d9fd4, #5181bc, #213630",an owl sits on top of a nest | a blue sky with clouds | a bird perched on top of an egret nest | a picture of the sky with clouds and clouds | bird nesting on top of a pole,"An owl sits serenely atop its nest, perched high on a pole that pierces a sky painted with a palette of cool blues and sporadic clouds. The sky, an expansive backdrop, emanates tranquility. Gentle clouds drift, bringing a moderate sense of motion to the scene. The ambient light is soft, suggesting either early morning or late afternoon, casting subtle shadows and contributing to the overall calm and cool atmosphere."
MVI_0567_prores_scene_001,/Volumes/CORSAIR/SCENES/MVI_0567_prores_scene_001_hap.mov,11.4,29.97002997002997,1280x720,11.601,5.214,moderate,warm,"geyser, lake, nature, steam, yellowstone_national_park","daytime, motion, outdoor, warm_lighting","majestic, serene, tranquil","natural_landscape, steam, water","#9a9b98, #746c58, #444136",a lake in the middle of the world famous yellowstone national park | a geyse - stock video and  footage | a geyst in the park of yellowstone national park in utopia | a geyser of steam rising from the ground,"Steam rises moderately from a geyser amidst Yellowstone's serene lake, warm light suffusing the tranquil setting."
00_0013_2013-12-28_003755_prores_scene_001,/Volumes/CORSAIR/SCENES/00_0013_2013-12-28_003755_prores_scene_001_hap.mov,7.78,29.97002997002997,720x480,44.605,2.313,dynamic,cool,"bird, branches, forest, nature, tree, wildlife","cool_lighting, organic_shapes, soft_lighting, subtle_motion","serene, tranquil","feathers, leaves, wood","#333633, #b5d4e9, #6b7b89",a bird perched on the branches of trees | a tree in the forest,"A solitary bird is perched calmly on the twisting branches of a robust tree amidst a dense forest. The scene exudes a quiet dynamism, as the bird's subtle movements sync with the gentle sway of foliage. Cool tones paint the canopy and forest floor in shades of green and blue, enhancing the serene atmosphere. Diffused light filters through the leaves, casting a soft glow that completes this tranquil vignette."
clouded_prores_scene_002,/Volumes/CORSAIR/SCENES/clouded_prores_scene_002_hap.mov,239.74,23.976023976023978,360x640,1.968,0.294,still,cool,"flying, girl, hair, kite, motion, serenity, simplicity, sky, wind","bright_colors, clear_sky, cold_hue, evening, gentle_breeze, overcast, static, undulating_wave","cool, gentle, peaceful, serene","atmosphere_wind, fabric_kite, human_hair","#6a777b, #b9aa9b, #3c525f",a kite flying in the sky | a girl with her hair blowing in the wind,"A brightly colored kite floats statically in the clear sky, tethered by an unseen string. Beneath it, a girl stands facing into a gentle breeze that sweeps her hair back from her face in a cool, undulating wave, suggesting a palpable but gentle wind. The sky is filled with a cold hue, likely implying early evening or a chilled, overcast day. There is a sense of serenity and simplicity in the scene, as the only motion comes from the wind's interaction with the kite and the girl's hair."
00_0010_2013-12-28_002935_prores_scene_005,/Volumes/CORSAIR/SCENES/00_0010_2013-12-28_002935_prores_scene_005_hap.mov,22.36,29.97002997002997,720x480,44.274,195.273,dynamic,neutral,"bare_tree, forest, leaves, trees, wind","background, foreground, middleground, motion, soft_lighting","neutral, serenity, tranquility","foliage, wood","#d0c8b4, #6f7168, #cdecf9",a group of trees with leaves blowing in the wind | a forest with trees in the background | a tree in the forest with no leaves,"A cluster of various trees stands prominently, their leaves quivering as a gentle wind sweeps through. In the middleground, a denser collection of forest trees rises, creating a textured tapestry of bark and foliage. A single leafless tree starkly interrupts the pattern, its bare branches etched against the forest backdrop. The visible motion is primarily from the rustling leaves, displaying a lively yet serene natural dance. The overall emotional tone is neutral, neither joyous nor somber, with a focus on the tranquility of nature. Ambient daylight casts a soft, even light across the scene, without the harshness of direct sunlight or the mystery of twilight."
IMG_0696,/Volumes/CORSAIR/SCENES/IMG_0696_hap.mov,30.63,29.97002997002997,1280x720,44.433,14.153,dynamic,warm,"contrast, mud, nature, snake, snow","dim_lighting, half-submerged, rippling, slithering, warm_lighting","quiet, serene, tranquil","cold_snow, organic, sticky_mud","#b3ada3, #7c776f, #423d34",a snake in the mud | a snake laying in the snow,"A snake slithers gracefully through a contrasting scene, half its body submerged in dark, rippling mud, the other half over white snow, under a warm, dimly lit ambiance."
GOPR0503_prores_scene_001,/Volumes/CORSAIR/SCENES/GOPR0503_prores_scene_001_hap.mov,83.3,23.976023976023978,3840x2160,10.176,5.842,moderate,cool,"chimney, digital, light, shadows, smoke, symbiosis, trees","ascending, diffused_light, dynamic, gentle_sway, steady_motion","cool, serene, tranquil","artificial, organic, smoke_material","#3f3f3d, #c8cacd, #7d8284",a smoke pours out of the chimney | a smoke billows out of the trees and into the air | symphony of light and shadows | symbiosis in a digital environment,"Smoke effuses from a slender chimney, ascending straight into the overcast sky. Nearby, smoke also emerges from the dense copse of trees, blending seamlessly with the hazy atmosphere above. The scenery is bathed in a soft, diffused light, producing a dynamic interplay between illumination and obscurity, as light filters through the tree canopy and casts dappled shadows on the ground. An intangible digital presence weaves through the forestscape, a subtle hint of artificiality suggesting a symbiotic relationship with the natural environment. The motion is chiefly characterized by the steady rise of smoke and the occasional gentle sway of tree branches. The overall ambiance is serene, tinged with a cool-toned tranquility."
pre-ascent-waves_scene_006,/Volumes/CORSAIR/SCENES/pre-ascent-waves_scene_006_hap.mov,28.33,29.97002997002997,1920x1080,46.867,41.415,dynamic,cool,"aerial, clouds, ocean, sea, slow_motion, waves","aerial_footage, close_up, dynamic_movement, high_angle_shot, slow_tempo","powerful, serene, suspenseful",video,"#212a2c, #adaaae, #6c6f72",a view of the ocean from above - aerial shot of waves crashing into the sea | a close up view of waves crashing into the sea - slow motion video | aerial view of the ocean with waves and clouds in the sky | aerial view of the ocean - seascape stock video footage,"Elevated ocean scene with dynamic waves crashing, slow-motion emphasis on the foam and spray, clouds spotted in the blue sky above the sea's horizon."
IMG_1850_prores_scene_001_1,/Volumes/CORSAIR/SCENES/IMG_1850_prores_scene_001_1_hap.mov,62.83,29.97002997002997,1280x720,23.849,37.94,active,cool,"aerial, hawaii, island, ocean, pacific_ocean, rocky","aerial_perspective, rugged_contours, turquoise_water, whitecaps","cool_lighting, serenity, vastness","rock, vegetation, water","#8e979d, #c3c9ce, #676e76",a view of the ocean from an airplane flying over hawaii | aerial view of a rocky island in the pacific ocean | an aerial view of the island of hawaii,"Aerial perspective of turquoise ocean with whitecaps, framing the lush, rugged contours of a Hawaiian island. Light scatters across water. Motion sensed in ocean's swell."
00_0039_2013-12-28_012720_prores_scene_002,/Volumes/CORSAIR/SCENES/00_0039_2013-12-28_012720_prores_scene_002_hap.mov,26.53,29.97002997002997,720x480,31.15,357.19,dynamic,neutral,"close_up, frog, hole, rock, tree_trunk, wildlife","close_up, cropped, natural_light",neutral,"earth_tones, organic","#222221, #bdc0c1, #646363",a close-up of an object | a frog crawls out of the hole in the rock | a frog in the hole of an old tree trunk | a frog in the crocodile | frog in a hole in the ground,"A frog is emerging from a hole within a solid, textured surface that resembles either a rock or a tree trunk. The motion of the frog is deliberate and meticulous as it navigates the tight space. The scene is imbued with a neutral color palette, primarily consisting of earth tones that camouflage the frog within its environment. The lighting is soft and natural, highlighting the gentle contours of the hole and the frog's moist skin without casting harsh shadows."
Untitled8 copy_prores_scene_003,/Volumes/CORSAIR/SCENES/Untitled8 copy_prores_scene_003_hap.mov,4.3,29.97002997002997,704x480,60.713,0.0,dynamic,cool,"clouds, forest, sky, trees","blurred, monochrome, photography","coolness, serenity, tranquility","light_conditions, natural_elements","#ccd9eb, #4c4e53, #7e8698",a blurred image of trees in the forest | a black and white image of clouds in the sky,"Forested area, trees blend into a soft blur, motions suggest a slight sway. Above, clouds in grayscale drift placidly, implying serene movement in the sky."
00_0036_2013-12-28_012125_prores_scene_003,/Volumes/CORSAIR/SCENES/00_0036_2013-12-28_012125_prores_scene_003_hap.mov,4.0,29.97002997002997,720x480,62.399,0.0,dynamic,warm,"autumn, close_up, ground, leaves, nature, seasonal_transition, snow","contrast_high, focus_sharp, lighting_warm, texture_varied","cozy, tranquil, warm_lighting","foliage, organic_matter, snow","#f3ebe5, #645850, #a79286",a close up of leaves and snow on the ground | a close up view of leaves on the ground,"A close up of a variety of leaves scattered across the ground, interspersed with speckles of freshly fallen snow, creating a tapestry of autumnal hues contrasted by the bright white of the snow. The dynamic aspect of the scene suggests movement such as leaves trembling or snowflakes gently falling. The overall color mood of the scene exudes warmth, perhaps illuminated by the soft, golden light of a setting or rising sun that casts a cozy glow over the leaves and snow, emphasizing the rich reds, oranges, and yellows of the foliage."
GOPR0246_prores_scene_003,/Volumes/CORSAIR/SCENES/GOPR0246_prores_scene_003_hap.mov,5.17,47.95,1920x1080,2.436,0.329,still,cool,"ambient_sound, cool_lighting, low_light, shadows, texture, water_droplets","color_accent, low_key_lighting, minimalist_composition, soft_lighting, static","cool, eerie, static, tense","cool_lighting, shadows, water","#050209, #080b3d, #0d2687",a dark room with blue lights in the background | a dark room with blue lights and dripping water,"The scene depicts an unlit chamber illuminated by an eerie blue glow emanating from an unspecified source in the background. Water droplets can be heard rhythmically splashing, producing a steady, ambient noise that resonates within the confines of the room. The shadows dominate the space, with the blue lighting casting subtle contours on surfaces, hinting at the texture of the walls and any objects present. The overall lack of movement creates a static, yet tense atmosphere."
00_0011_2013-12-28_003410_prores_scene_003,/Volumes/CORSAIR/SCENES/00_0011_2013-12-28_003410_prores_scene_003_hap.mov,4.67,29.97002997002997,720x480,65.306,0.0,dynamic,warm,"cliff, creek, forest, ice, river, snow, stream, trail, warm_lighting, winter","high_angle, long_shot, low_angle, natural_light, perspective_close","contrast, gentle, peaceful, serenity, tranquility, warm_lighting","branches, ice, rocks, snow, water, wood","#7c7f78, #e7e5ca, #3b4341",view of a stream flowing through wooded forest | a view of the creek from the trail | view of a river or stream in winter with snow and ice | view of a stream in the woods with snow on the ground | view from the top of a cliff overlooking the river,"A gentle stream meanders through a densely wooded forest, the water's surface is disturbed by the flow over rocks and fallen branches, creating a sense of serene movement. The view from the trail brings a closer perspective of the creek, highlighting the sound and motion of the flowing water. In a seasonal shift, the river or stream appears in the cold embrace of winter, adorned with edges of snow and ice formations that contrast with the dark, flowing water. The woods host a stream where the snow lies thick on the ground, the white blanket interrupted by the dark, sinuous line of the stream cutting through. From atop a cliff, the river unfolds in panoramic expanse below, its course a testament to the relentless flow that has shaped the surrounding landscape. Despite the chilly surroundings, warm light filters through, possibly from a low winter sun, softening the scene and casting a tranquil glow that contrasts with the chilled atmosphere."
00_0025_2013-12-28_005957_prores_scene_001,/Volumes/CORSAIR/SCENES/00_0025_2013-12-28_005957_prores_scene_001_hap.mov,17.05,29.97002997002997,720x480,23.082,2.335,active,cool,"cascade, close_up, flow, ground, ice, motion, object, water, waterfall","close_up, crystalline, dynamic, serene_rush, sharp_definition, soft_diffusion, soft_lighting, streaming","cool, energetic, forceful, peaceful, pure","ice, water","#1a1919, #505a63, #343a3e",a close up of ice on the ground | a close up of an object | a close up of the water flowing down the waterfall | water flowing down a waterfall stock video footage,"A close-up shows crystalline ice formations scattered across the ground, with each formation sharply defined and glinting. Another close-up reveals an unspecified object with intricate details filling the frame. A close-up of a segment of a waterfall captures water in powerful, dynamic motion, streaming down with force and energy. In the wider shot, water cascades down the waterfall's entire height, creating a continuous, serene rush that constitutes the predominant motion quality of the scene. The color tone is cool, with blues and whites from the water and ice emphasized by the ambient lighting, which is soft and diffuses evenly across each element in the frame."
20110901_0595_prores_scene_011,/Volumes/CORSAIR/SCENES/20110901_0595_prores_scene_011_hap.mov,12.05,23.976023976023978,1920x1080,13.211,11.759,moderate,cool,"clouds, desert, landscape, mountains, sky, trees","blue, blurred, diffuse_lighting, moderate_perceptual_motion, monochrome","calm, refreshing, static, tranquil",natural,"#151414, #526895, #2d4671",a desert landscape with mountains and trees in the distance | a blurred image of mountains and clouds | a blue sky with clouds | a desert landscape with mountains and clouds in the sky | a black and white image of clouds in the sky,"A calm desert landscape extends towards distant mountains under a vast sky filled with scattered clouds. The mountains' edges are softened by a slight blur. Above, the blue sky is adorned with clouds, some casting shadows over the desert below. In another section, the mountains merge with the clouds, mirroring their shapes in the sky. A separate part of the image presents a monochromatic view of the sky where the clouds are rendered in varying shades of gray. The scene carries a sense of stillness with only moderate perceptual motion, perhaps from drifting clouds or a gentle breeze. The cool color mood results from the blue tones and the presence of clouds, suggesting a tranquil and refreshing atmosphere. The lighting is natural and diffuse due to the cloud cover, offering an even illumination across the landscape."
2014-11-08 16.34.48_prores_scene_001,/Volumes/CORSAIR/SCENES/2014-11-08 16.34.48_prores_scene_001_hap.mov,13.8,120.0,720x1280,5.412,1.723,moderate,warm,"horizon, natural_light, reflection, ripples, sea, sunset, water_surface, waves","ambient_illumination, color_gradient, horizontal_division, natural_light, skyline","calm, peaceful, serene, tranquil, warm_lighting","light, water","#766a59, #232322, #d5bc93",a sun setting over the water | a sunrise or sunset over the sea,"The horizon cuts a defined line across the frame, separating the sea from the blazing hues of the sky as the sun descends. Gentle ripples disturb the water surface, reflecting the fading sunlight which brings vibrant orange, red, and pink tones to the scene. The calm movement of the waves implies a tranquil atmosphere. The lighting transitions from bright at the horizon where the sun meets the water, to a softer and subdued glow as it stretches upwards into the sky."
IMG_3006_prores_scene_001,/Volumes/CORSAIR/SCENES/IMG_3006_prores_scene_001_hap.mov,4.9,30.0,2160x3840,32.646,0.0,dynamic,cool,"amusement_park, apartment_building, cool_color_palette, natural_light, reflections, river, walt_disney_resort","architecture, contrast, dynamic, flow, landscape, reflections, tranquil","cool, refreshing, serene","concrete, foliage, glass, steel, water","#88b3e0, #363b3b, #787d70",a view of the river in front of walt disney resort | a view of the river in front of an apartment building | a view of the river in front of an amusement park | a river flows through the middle of the image,"A tranquil yet dynamic river bisects the scene, flanked on one side by the grandeur of the Walt Disney Resort with its fairytale-like architecture, and on the other by a modern apartment building with a more functional and residential design. Further along, the river frontage is occupied by an amusement park that bristles with the silhouettes of roller coasters and festive structures. The water catches reflections and the light plays across its surface, suggesting the flow and constant movement of the river. The overall color palette consists of cool tones, imparting a serene and somewhat refreshing emotional quality to the scene, while the lighting is natural and diffused, indicative of either an overcast day or a time when the sun is veiled by clouds."
MVI_0667_prores_scene_001,/Volumes/CORSAIR/SCENES/MVI_0667_prores_scene_001_hap.mov,14.91,29.97002997002997,1280x720,17.322,5.685,active,cool,"aerial, california, cyprus, ice, korea, lake, mountains, salt_flats, snow","aerial, cool_lighting, daytime, landscape, natural_light, winter","isolated, serene, stark","ice, rock, salt, snow, water","#6f7e8c, #cbd6db, #272b2c",a lake with ice and snow in the background | a view of the salt flats in california | aerial view of the salt flats in cyprus | a lake in the snowy mountains of korea,"Frosty lake with distant snowy peaks, adjacent salt flats under harsh sunlight, aerial salt marshes with textured patterns, serene Korean mountain lake amidst winter."
MOV_3920.MOV_prores_scene_001,/Volumes/CORSAIR/SCENES/MOV_3920.MOV_prores_scene_001_hap.mov,10.95,29.97002997002997,1280x720,32.28,16.709,dynamic,cool,"bald_eagle, crocodile, lily_pads, pond, water","cool_lighting, gliding, natural_light, outdoor, swooping","alert, tense, vigilant","feathers, foliage, liquid, scales","#7b7b76, #ccced3, #3c3c39",a bald eagle swoops in the water | a pond with lily pads in the background | a crocodile swims in the water,"A bald eagle descends with outstretched claws toward a pond with lily pads, while a crocodile's silhouette glides through the cool-hued water."
MVI_0420_prores_scene_001,/Volumes/CORSAIR/SCENES/MVI_0420_prores_scene_001_hap.mov,10.99,29.97002997002997,1280x720,13.813,19.707,moderate,cool,"lake, landscape, mountains, nature, taiwan, train_window, travel, water","background, depth, foreground, perspective, reflection, transparency, viewpoint","coolness, serenity, tranquility","glass, metal, stone, water","#4b7cb3, #86b3d8, #395562","a lake or lake with mountains in the background | a view of the lake from the train window | taiwanese - stock photos, images, pictures, clipart and vectors","Tranquil lake with distant mountains, viewed through a train window in Taiwan. The moderate perceptual motion of passing scenery, cool color mood with soft lighting."
DUDEBROS_prores_scene_003,/Volumes/CORSAIR/SCENES/DUDEBROS_prores_scene_003_hap.mov,5.77,29.97002997002997,488x360,8.307,0.354,moderate,cool,"dusk, location, map, san_francisco_bay, trail","cool_lighting, dim_lighting, evening_shadows, pathway","calmness, serenity, tranquility","natural_terrain, paper_map, soft_lighting","#030402, #272722, #8f8b9f",a map showing the location of the foodman's trail | san francisco bay trail at dusk,"A map highlighting the pathway known as Foodman's Trail, intertwined within the larger network of the San Francisco Bay Trail, is visible. The time is evening, and the natural light is dimming, casting long shadows and infusing the surroundings with a deep, cool-toned hue. The trail meanders through varied terrain, hinting at occasional movement from distant cyclists or pedestrians. The environment is relatively still, with the moderate motion coming from the limited activity on the trail. The overall atmosphere is serene and tranquil as the day transitions into night."
MVI_0561_prores_scene_001,/Volumes/CORSAIR/SCENES/MVI_0561_prores_scene_001_hap.mov,21.4,29.97002997002997,1280x720,5.795,2.91,moderate,cool,"eruption, geyser, nature, park, yellowstone","sky, steam, vertical_motion, water","cool, majestic, serene","air, rock, soil, water_vapor","#3c3e39, #dbe0e1, #8b8c83",a geyser in the park of yellowstone national park,"Geyser erupts, water and steam jetting moderately into air. Cool color tones with diffuse daylight. Sparse vegetation around."
00_0033_2013-12-28_011537_prores_scene_001,/Volumes/CORSAIR/SCENES/00_0033_2013-12-28_011537_prores_scene_001_hap.mov,37.14,29.97002997002997,720x480,38.487,64.96,dynamic,warm,"forest, nature, rocks, stream, water, waterfall","dynamic, natural_light, organic_shapes, water_movement","refreshing, serene, vibrant","moss, rock, vegetation, water","#736f70, #bdbfc6, #3a3530",a stream of water pours down from the top of the waterfall | a stream of water flowing over rocks | water falls from a waterfall in the forest,"A graceful cascade of-clear water gushes from the crest of a lush waterfall, tumbling over various moss-covered rocks, creating a vibrant dance of frothy white against the vivid greenery of the surrounding forest."
00_0022_2013-12-28_005447_prores_scene_002,/Volumes/CORSAIR/SCENES/00_0022_2013-12-28_005447_prores_scene_002_hap.mov,48.95,29.97002997002997,720x480,33.918,200.913,dynamic,cool,"bird, close_up, flowing_water, ice, icicles, monochrome, waterfall, winter","contrast, detail, dynamic, frozen, sparkling, texture","cool, endurance, serene","feathers, ice, water","#575c5e, #bcd2e3, #8899a9",a close-up of icicles and ice crystals - stock video footage | a close-up of the water flowing down the wall | a bird perched on the edge of an icy waterfall | a black and white image of an object in the foreground | a close-up of an object in the foreground,"A series of detailed close-up shots showcasing the intricate beauty of winter. One segment captures the glistening icicles and delicate ice crystals, possibly hanging from a frosted surface, catching any available light and sparkling. The next segment transitions to show water gently cascading down a frozen surface, where the flow of the water contrasts with the still ice. An attentive bird is then seen perched precariously at the edge of an icy waterfall, contributing a sense of life and endurance within the frozen landscape. The footage may include a black and white shot, giving emphasis to the textures and form of an unspecified object in the foreground while stripping away the distractions of color. The final clip focuses on a clear, concise close-up of an object, displaying its detail with sharp precision. The overall scene is dynamic, with the fluid motion of water, the subtle sway of the bird, and perhaps the occasional drip from melting icicles."
MVI_0577_prores_scene_001,/Volumes/CORSAIR/SCENES/MVI_0577_prores_scene_001_hap.mov,8.9,29.97002997002997,1280x720,17.162,17.443,active,cool,"caldera, eruption, geyser, lava, volcano","active_movement, dynamic, volcanic_activity","awe, daunting, intense","ash, molten_rock, smoke","#939596, #5f6568, #babcbc",lava erupts from a volcano stock video footage | lava erupting from a volcanic crater | geyser erupting from a crater in the caldera,"A vivid scene captures lava bursting energetically from a volcano, with bright, molten streams contrasted against the dim, cooler surroundings."
IMG_0333_prores_scene_001,/Volumes/CORSAIR/SCENES/IMG_0333_prores_scene_001_hap.mov,1.72,22.74,872x652,9.215,0.0,moderate,cool,"cool-toned_light, dynamic, fire_pit, flames, garden","central, cool_lighting, moderate_intensity, soft_lighting","calm, relaxation, tranquil","fire, plant_life, stone","#8d697f, #eff6f7, #212c30",a fire pit in the middle of the garden | a fire pit in the middle of the image,"A sleek fire pit is centered in a tranquil garden setting. The fire within is burning at a moderate intensity, with flames undulating gently and casting a soft, cool-toned light across the surrounding plant life. The garden composition suggests relaxation and calm, enhanced by the cool color palette, with the fire's flickering movement providing a dynamic contrast."
IMG_4309_prores_scene_001,/Volumes/CORSAIR/SCENES/IMG_4309_prores_scene_001_hap.mov,21.91,29.97002997002997,720x1280,25.59,33.793,active,warm,"log, natural_habitat, natural_light, turtles, water_edge","golden_light, resting, serene, subtle_motion, texture","contentment, tranquility, warm_lighting","turtle_shell, water, wood","#75756a, #29251d, #d0bfa5",a group of turtles sitting on the edge of the water | group of turtles on a log in the water,"A serene gathering of turtles is perched contentedly on the edge of a gentle waterbody, with several turtles also resting on a partially submerged log that extends into the water. The turtles are mostly stationary, though there might be subtle movements as they adjust their positions or a head slowly turns to survey the surroundings. The overall motion is tranquil and deliberate. The scene is bathed in a warm, inviting light, likely from a sun hanging low in the sky, casting a golden hue over the water and the creatures, enhancing the textures of their shells and the ripples on the water’s surface."
00_0032_2013-12-28_011332_prores_scene_001,/Volumes/CORSAIR/SCENES/00_0032_2013-12-28_011332_prores_scene_001_hap.mov,28.5,29.97002997002997,720x480,13.566,24.928,moderate,warm,"bird, lichen, moss, nature, rock","close_up, perched, side, texture","peaceful, serene, warm_lighting","feathers, mossy, organic, rock","#69655f, #454338, #9b9a97",a bird perched on mossy rock | close-up of a mossy rock | a bird perched on the side of an old tree | moss and lichen growing on a rock,"A bird is settled onto a rugged, moss-covered rock with lichens and moss on its surface. Surrounding foliage gently sways, offering a scene with moderate perceptual motion. The mood is serene, highlighted by a warm color palette, likely during early morning or late afternoon sunlight, casting soft, dappled light."
2015-04-30 11.55.54_prores_scene_001,/Volumes/CORSAIR/SCENES/2015-04-30 11.55.54_prores_scene_001_hap.mov,279.67,30.0,128x384,24.865,79.089,active,neutral,"abstract, abstract_art, calm, colorful, face, fractal","dynamic, indistinct_forms, perceptible_movement, serene, soft_lighting, vibrant_colors","calmness, neutral_mood","aquatic, interwoven_textures","#d6dddf, #8f332c, #c1d055",a fish swims in the water | an abstract image of a colorful abstract painting | an abstract image of a fish swimming in water | a fractal image of an abstract image,"In a serene aquatic setting, a fish darts through the water, surrounded by a palette of indistinct, vibrant colors that merge as if part of a dynamic abstract painting. The scene intertwines elements of reality with abstract forms, suggesting a fish's motion in a fractured, fluid environment akin to a fractal design. The movement of the fish is perceptible and ambitious, yet the painting's abstraction adds a layer of stillness. The overall emotional tone is one of calm neutrality, and the lighting is evenly diffused, casting no harsh shadows or overly bright highlights."
00_0035_2013-12-28_011959_prores_scene_001,/Volumes/CORSAIR/SCENES/00_0035_2013-12-28_011959_prores_scene_001_hap.mov,65.27,29.97002997002997,720x480,27.407,59.918,active,cool,"animal, bird, eucalyptus, insect, monochrome, oak, woods","close_up, high_contrast, natural_light, shallow_depth_of_field, side","mysterious, serene, tranquil","bark, feathers, fur, leaves","#516258, #b7c3cd, #2e3c2d",a bird perched on the side of an oak tree | a close-up of an insect on the leaf of eucalyptus | eucalyptus leaves on a tree in the woods | a black and white image of an animal in the woods,"A bird clings tenaciously to the rough bark of an oak, its feathers ruffled by a gentle breeze. Adjacent, a magnified insect explores the dew-covered surface of a eucalyptus leaf, its tiny limbs delicately navigating the intricate veined landscape. Nearby, the muted greens of eucalyptus foliage emerge from the soft shadows of the forest backdrop. In a contrasting counterpoint, a monochrome figure of an animal is partially obscured by the dense underbrush in the woods, its form blending into the chiaroscuro of light and shadow."
IMG_2478_prores_scene_001,/Volumes/CORSAIR/SCENES/IMG_2478_prores_scene_001_hap.mov,1.97,30.0,872x654,11.961,0.0,moderate,cool,"clouds, flying, kite, sky, wind","cerulean, diffuse_sunlight, motion, soft_blue, teal","peaceful, playful, tranquil","fabric_kite, lightweight","#ced0d0, #909da9, #2f527a",a kite flying in the sky,"A solitary kite with a blend of soft blue and teal hues gracefully dances in the vast cerulean sky. Its motion is steady yet playful, moved by the whims of the moderate breeze. Light wisps of white clouds sporadically dot the sky, contributing to the tranquil cool color mood. The sunlight is diffuse, suggesting either an early morning or late afternoon soft light, creating minimal shadows and a flat lighting effect on the kite's surface."
5_prores_scene_001,/Volumes/CORSAIR/SCENES/5_prores_scene_001_hap.mov,6.71,30.0,2160x3840,37.468,14.55,dynamic,warm,"afternoon, boat, natural_light, reflections, river","motion, unenclosed_deck, warm_lighting","inviting, serene, warm_lighting","water, wooden_deck","#beb0a1, #787675, #3c3837",a view of the river from the deck of an amusement park boat | a view of the water from the deck of an open boat | a view from the deck of the cruise ship,"The scene unfolds with a gently flowing river viewed from the unenclosed deck of a leisurely moving boat. Sunlight dances on the rippling water, creating shimmering reflections that infuse the scene with a sense of warmth. The movement of the boat introduces a dynamic quality to the river’s surface, enhancing the perception of motion. The surroundings are bathed in a golden glow from the late afternoon sun, suggesting a serene and inviting atmosphere."
20110901_0595_prores_scene_010,/Volumes/CORSAIR/SCENES/20110901_0595_prores_scene_010_hap.mov,7.38,23.976023976023978,1920x1080,14.959,12.571,moderate,cool,"blue_sky, clouds, distance, mountains, sky","distant, expansive, wandering","cool, serene",air,"#151515, #55668e, #2f4872",a view of the sky with clouds and mountains | a blue sky with clouds and clouds in the distance,Expansive blue sky filled with wandering clouds over a range of distant mountains.
IMG_8908_prores_scene_001,/Volumes/CORSAIR/SCENES/IMG_8908_prores_scene_001_hap.mov,22.9,23.976023976023978,1920x1080,25.562,10.375,active,cool,"ball, light, reflection, ripple, swimming_pool, water","close_up, floating, surface","cool, serene","liquid, reflective","#79969f, #97afb6, #f2f3f4",a white ball is floating in the water | a close-up of the surface of water with ripples in the water | a close-up image of an object in the water | a close-up of the water surface in the swimming pool | a close-up of the reflection of light on water,"A white ball floats amidst the subtle undulations of a water surface, defined by ripples and the play of refracted light creating a cool color mood."
2014-10-18 18.49.39_prores_scene_001,/Volumes/CORSAIR/SCENES/2014-10-18 18.49.39_prores_scene_001_hap.mov,1.26,30.0,1080x1920,7.25,0.0,moderate,warm,"beach, clouds, dusk, oregon, silhouettes, trees, waves","coastline, evening, horizon, sea, sky, twilight, warm_lighting","gentle, quiet, soft, tranquil, warm_lighting","air, sand, water, wood","#c5c9c5, #44433b, #9d9e95",a beach at dusk on the coast of oregon | a beach with trees and clouds in the background,"The Oregon coastline unfurls a tranquil beach scene at dusk, where the sand meets gentle waves under a sky partly veiled in clouds. Silhouettes of trees adorn the horizon, standing as quiet sentinels against the evening glow. The sea breathes with moderate rhythmic motions, lapping the shore in a softly repeating cadence. The warm color palette is dominated by the sinking sun's hues, casting an amber radiance that softly transitions into cooler twilight above."
IMG_4942_prores_scene_001,/Volumes/CORSAIR/SCENES/IMG_4942_prores_scene_001_hap.mov,4.81,29.97002997002997,720x1280,50.475,0.0,dynamic,warm,"frog, heart-shaped_rock, nature, pond, rocks, stream, submerged_rock, water","earthy_tones, glistening, glowing_light, perching, reflections, rippling, softened_outline","calming, inviting, serene","natural_light, stone, water","#76706b, #2a2720, #bab5b6",a river or stream with rocks and stones | a heart-shaped rock in the water | frog in a pond with rocks and stones,"A rippling stream flows over a bed of rocks and stones, the water shimmering in the gentle light. Amongst the natural rocky shapes, a distinctive heart-shaped rock rests partially submerged, its outline softened by the water's caress. Nearby, a frog perches on a stone, its skin glistening with moisture, blending with the earthy tones of the pond environment. The scene is bathed in a warm, glowing light that suggests a late afternoon or early evening ambiance."
MVI_0581_prores_scene_001,/Volumes/CORSAIR/SCENES/MVI_0581_prores_scene_001_hap.mov,28.21,29.97002997002997,1280x720,27.279,72.027,active,warm,"aerial, crater, eruption, lava, volcano","active, aerial, erupting, lava_flow, volcanic","dramatic, intense, warm_lighting","lava, rock, smoke","#6b6866, #e0e0e0, #2a2b2a","aerial view of a volcanic crater with lava erupting out of the rock | a volcano erupts from the earth's surface | aerial view of a volcanic crater in nepal, new zealand | aerial view of the lava flow in the caldera of tepui volcano","An aerial perspective reveals an erupting volcanic crater, with vibrant orange lava spewing amidst the dark, rocky terrain."
00_0011_2013-12-28_003410_prores_scene_002,/Volumes/CORSAIR/SCENES/00_0011_2013-12-28_003410_prores_scene_002_hap.mov,12.68,29.97002997002997,720x480,42.091,58.874,dynamic,cool,"golden_retriever, ice, path, sniffing, snow, stairway, stairwell","cool_lighting, diffuse_lighting, dynamic","curious, serene, tranquil","fur, snow","#8fadca, #3d3f3d, #696f73",a golden retriever dog walking down the snowy path | a view of the stairs leading up to the stairwell | a golden retriever dog sniffing the snow | a stairway with snow and ice,"A golden retriever ambles along a snow-lined pathway, its focused movements revealing a trail as it interacts with the environment. Adjacent to the path, a stairway leading up to a stairwell is blanketed in snow, with remnants of ice hinting at slippery conditions. The golden retriever, in a separate moment, is engrossed in sniffing the freshly fallen snow, embodying the essence of curiosity and exploration. The atmosphere is serene yet invigorated by the dog's activity; the cool color palette under a diffuse, overcast light contributes to a tranquil and crisp visual experience."
IMG_3293_scene_001,/Volumes/CORSAIR/SCENES/IMG_3293_scene_001_hap.mov,206.7,59.91,1080x1920,28.178,1.257,active,warm,"cascade, river, water, waterfall","close_up, hd_video","dynamic, energetic",liquid,"#94918a, #6b6861, #bebcb8",close-up of a waterfall crashing down into the water | a close up view of the water rushing over the waterfall | hd video of a waterfall falling into the river | a close-up of the water in the river,"A cascade of water forcefully plunges into a river, the camera focused closely on the turbulent splash and flow."
IMG_4942_prores_scene_002,/Volumes/CORSAIR/SCENES/IMG_4942_prores_scene_002_hap.mov,10.88,29.97002997002997,720x1280,47.19,71.21,dynamic,warm,"bushes, frog, motion, nature, rock, serene, stream, trees, warm_lighting","blur, focal_point, lighting, soft_focus, warm_lighting","calmness, tranquility, welcoming","amphibian, vegetation, water","#3a3726, #dad9cf, #a19c89",a frog sits on the edge of the stream | a blurry image of bushes and trees | a small frog sits on top of the rock | frog on a rock - stock image | a blurred image of an object in motion,"In a tranquil natural setting, a frog is perched serenely on a rock at the edge of a gently flowing stream. The background is a soft-focus mix of green hues, indicating bushes and trees, which impart a sense of seclusion and organic texture to the scene. Within this lush environment, an indistinct object is in motion, suggesting the fleeting presence of wildlife or the rustling of vegetation. The warm color palette bathes the scene in a welcoming, golden light, with the interplay of light and shadow accentuating the contours and damp surface of the rock. The motion within the scene brings a dynamic energy, contrasting with the stillness of the frog, which remains the calming centerpiece."
00_0028_2013-12-28_010207_prores_scene_001,/Volumes/CORSAIR/SCENES/00_0028_2013-12-28_010207_prores_scene_001_hap.mov,108.1,29.97002997002997,720x480,49.135,142.466,dynamic,cool,"bird, cold, ice, nature, snow","branches, close_up, icicles, perched, wintry_landscape","isolated, serene, tranquil","frosty, ice-covered, snow-covered","#969fab, #d3e9f6, #544e4d","a bird perched on the edge of ice | a close up view of the ice and snow covered branches | icicles hanging from a tree branch | ice, snow, sleet and snow","Amidst a wintry landscape, a solitary bird clings to the icy rim of a frozen expanse. Branches nearby, encapsulated in ice and snow, glisten in a close-up view that reveals the intricate patterns of frost. Icicles of various lengths dangle from another branch, capturing the frigid beauty of the setting. The scene is enveloped in a mixture of ice, snow, and sleet, with everything touched by the winter's frosty hand displaying a dynamic interplay of light and shadow as elements shift with a gentle breeze."
IMG_8911_prores_scene_001,/Volumes/CORSAIR/SCENES/IMG_8911_prores_scene_001_hap.mov,116.2,59.94,1280x720,23.49,56.135,active,cool,"bokeh, close_up, fish, light_reflections, swimming, water","cool_lighting, foreground_focus, macro, soft_focus, underwater","gentle, serene","aqua, light_particles, liquidity","#93adb4, #f3f2f3, #789ea7","a small fish swimming in the water | a close-up of bokeh lights in the sky - stock video footage | a close-up view of the water surface with bokeh reflections in the background | a close up of an object in the foreground | bokeh, light, reflections, refractions and rays","A small fish glides through water amidst cool-hued bokeh light reflections. The water's surface stirs gently with motion, as light dances and refracts softly above."
IMG_8907_prores_scene_001,/Volumes/CORSAIR/SCENES/IMG_8907_prores_scene_001_hap.mov,24.6,23.976023976023978,1920x1080,24.963,10.396,active,cool,"pool, reflections, ripples, water","close_up, hd_video, slow_motion","cool, peaceful, quiet","light, water","#75a0ac, #598390, #9ac6cd",a close up view of the water surface of an empty swimming pool | hd slow motion video of a swimming pool with reflections | a close-up of the blue water in the swimming pool,"Glimmering ripples travel across the serene surface of crystal clear, vivid blue pool water."
00_0034_2013-12-28_011755_prores_scene_001,/Volumes/CORSAIR/SCENES/00_0034_2013-12-28_011755_prores_scene_001_hap.mov,69.11,29.97002997002997,720x480,30.861,147.847,dynamic,warm,"animal, animal_nest, ice, oak_tree, owl, perched, snow, tree_limbs, trunk","close_up, contrast, intricate, outlines, rugged_texture, sparkle, warm_lighting","alertness, serenity, warm_lighting","feathers, snow_ice, wood","#383026, #d3cbbd, #6f6456",a close-up of the limbs of an oak tree trunk | a small pile of snow and ice on the ground | a close-up of an animal's nest in the tree trunk | a close-up of an owl perched on the bark of tree trunk | a close-up of an animal in the snow,"The sturdy, aged limbs of an oak tree dominate the view, their rugged bark highlighted by soft, warm light. Below, a small cluster of snow and ice nestles on the ground, untouched and pristine, its sparkling crystals reflecting the surrounding warmth. Embedded in the tree's trunk, an artisanal nest is visible, cradled in the crook of the tree, the materials intricately woven. Sharing this arboreal home, an owl sits regally, its feathers a seamless part of the bark's texture, eyes watchful and alert. Nearby, an animal's presence is gently revealed by its outline in the soft snow, the warmth of the scene contrasting with the winter chill."
00_0020_2013-12-28_004805_prores_scene_001,/Volumes/CORSAIR/SCENES/00_0020_2013-12-28_004805_prores_scene_001_hap.mov,53.51,29.97002997002997,720x480,35.987,46.974,dynamic,warm,"ecosystem, grass, ice, icicles, lichen, moss, rock, stream, tree_stump, water_flow","close_up, gentle, rugged, sparkling, understory, verdant","serene, tranquil, vibrant, warm_lighting","ice, stone, water, wood","#3e3c22, #dddcd1, #7d7c62",a small stream of water flowing through moss and grass | icicles on a rock stock video footage | a close-up of moss and lichen growing on the ground | moss and grasses on a rock | ice clings to a rock | moss and lichens on a rotting tree stump,"A gentle brook meanders through a verdant understory, its waters caressing soft mats of moss and tender grasses. Nature's jewelry, icicles, adorns a rugged rock beside the flow, sparkling under a tender warmth despite chill's touch. Nearby, a rich tapestry of moss and lichen clings intimately to the earth, an intricate close-up revealing the vibrant mini ecosystem. On a solitary rock, verdure thrives, amidst grasses that sway subtly, graced by frost's kiss. Water's chill solidifies on stone, manifesting as ice that grips tenaciously within this serene landscape. Life and decay find union upon an ancient tree stump, now host to a flourishing cover of moss and lichens, evidence of an everlasting cycle."
IMG_3294_scene_001,/Volumes/CORSAIR/SCENES/IMG_3294_scene_001_hap.mov,370.68,30.0,1080x1920,35.354,2.441,dynamic,neutral,"close_up, rapids, river, water_splashing, waterfall, waves","close_up, high_dynamic, nature, water",neutral,water,"#999990, #66665c, #ccccc5",close up view of a waterfall in the river | close up view of a river with rapids and waves | a close-up view of the water splashing into the river,"Water forcefully cascades down, forming a waterfall with frothy white currents, amidst a river with rapid waves, and droplets visibly splashing back into the river."
2015-04-30 11.55.54_prores_scene_002,/Volumes/CORSAIR/SCENES/2015-04-30 11.55.54_prores_scene_002_hap.mov,5.97,30.0,128x384,8.354,31.742,moderate,cool,"face, man, colorful","clear_visibility, motion","calm, cool, serene","light_diffusion, water_texture","#0ce8eb, #16c84f, #202f8b",a fish swims in the water,"A solitary fish glides fluidly through the clear water, its fins undulating with purposeful yet serene movements."
2014-07-23 20.52.10_prores_scene_001,/Volumes/CORSAIR/SCENES/2014-07-23 20.52.10_prores_scene_001_hap.mov,15.1,29.97002997002997,1920x1080,27.109,314.247,active,cool,"centered_composition, clouds, field, motion, plane, sky, solitude, tree","aerial_motion, horizontal_line, natural_elements, overcast_lighting, static_vs_dynamic, symmetry","cool_lighting, isolation, serenity","cloud_water_vapor, metal, organic, wood","#8389ca, #2e323c, #e3e7fd",a lone tree in the sky | a tree in the middle of the field | a plane flying in the sky | a lone tree in the middle of the frame | a cloudy sky with clouds in the sky,"A solitary tree stands erect in the center of an expansive field, its branches swaying slightly. Above, a plane glides across a cool, overcast sky, leaving a faint trail in its wake. The clouds are scattered, providing a dynamic backdrop to the stillness of the tree. The scene is marked by a degree of motion from the plane's travel and the rustling tree, contrasting with the otherwise serene landscape. The lighting is diffuse, with the clouds muting the brilliance of natural light."
Untitled7_prores_scene_004,/Volumes/CORSAIR/SCENES/Untitled7_prores_scene_004_hap.mov,76.91,29.97002997002997,654x480,46.926,231.725,dynamic,cool,"bird, branch, nature, oak_tree, perched","close_up, depth_of_field, perceptual_motion","curiosity, serenity, tranquility","bark, feathers, foliage","#484c48, #90999f, #d4e7f2",a bird perched on the branch | a close up of an animal's face | a bird perched on the limb of an oak tree,"A bird clutches a branch firmly, tilting its head curiously, feathers ruffled by a gentle breeze. Its eyes glisten as the cool, diffused light gives the scene a tranquil ambiance."
pre-ascent-waves_scene_003,/Volumes/CORSAIR/SCENES/pre-ascent-waves_scene_003_hap.mov,24.22,29.97002997002997,1920x1080,54.091,40.261,dynamic,cool,"aerial, ocean, rocky_shore, waves","elevated_perspective, motion, wide_shot","cool, intense, serene","natural_light, rock, water","#182425, #6c7073, #c5c1c3",a view of the ocean from above - sea wave crashing into the rocky shore | a view of the ocean from the sky -  | aerial view of the sea - ocean wave motion stock video footage,Elevated view of vast ocean as waves rhythmically collide with a rugged coastline under overcast lighting.
MVI_0452_prores_scene_002,/Volumes/CORSAIR/SCENES/MVI_0452_prores_scene_002_hap.mov,5.13,29.96,1280x720,29.856,288.337,active,cool,"lake, mountains, nature, park, rocks, shore","landscape, panorama, rocky_terrain, waterscape","majestic, serene, tranquil","natural_light, stone, water","#535e67, #bfcbd6, #8193a3","a view of the grand teton national park in montana, canada | a body of water | a rocky shore with rocks and boulders",Grand Teton National Park displays cool-hued mountains looming over a placid lake with a jagged rocky shore.
Untitled8 copy_prores_scene_010,/Volumes/CORSAIR/SCENES/Untitled8 copy_prores_scene_010_hap.mov,6.29,29.97002997002997,704x480,61.725,244.985,dynamic,cool,"forest, monochrome, plane, sky, trees","background, contrast, foreground, high_angle, monochrome","nostalgic, subdued, tranquil","digital, photography","#3f3e40, #e4e3e7, #88848b",a plane flying over trees | a black and white image of trees in the forest | a black and white image of an airplane flying in the sky | a tree with leaves and branches in the foreground,"A grayscale scene depicting a plane in the upper frame flying over dense forest canopy below, with a single detailed tree in the foreground standing out."
IMG_6160_prores_scene_001,/Volumes/CORSAIR/SCENES/IMG_6160_prores_scene_001_hap.mov,7.4,30.0,1920x1080,38.618,57.616,dynamic,warm,"buck, deer, fawn, nature, woods","depth_of_field, natural_light, organic_shapes, soft_shadows","serenity, vigilance, warm_lighting","fur, leaves, woodland","#275a2b, #64a766, #cbb799",a deer buck and fawn in the woods | a mother deer and her young fawn in the woods,"In the woods, a deer buck stands with a fawn nearby. Their movements suggest dynamism, as they may be grazing or alert. The woods have a warm color palette, indicating it's likely a sunny day."
disco ball_prores_scene_001,/Volumes/CORSAIR/SCENES/disco ball_prores_scene_001_hap.mov,10.4,30.0,640x1136,8.233,22.741,moderate,cool,"background_lights, cool_lighting, disco_ball, low_light, object, upward_glow","color_contrast, cool_lighting, motion, shadowed_areas, soft_lighting","festive, lively, serene","glass, metal, shiny_surface","#160c9e, #07044a, #3f18f6",a blue light shining on an object in the dark | a blue disco ball with blue lights in the background | a blue light is coming from the bottom of the image,"An object is bathed in a gentle stream of blue light against a dark backdrop, while a blue disco ball casts an array of small blue lights throughout the background, creating a dynamic and slightly festive atmosphere. A subtle upward blue glow suggests a light source located at the bottom of the frame, contributing to the scene's serene yet lively visual rhythm."
IMG_3532_prores_scene_001,/Volumes/CORSAIR/SCENES/IMG_3532_prores_scene_001_hap.mov,14.8,29.97002997002997,1920x1080,30.658,45.624,dynamic,warm,"decomposition, forest, fungi, oak_tree, rotting_logs","beams_of_sunlight, dappled_light, shelf-like, sway, umbrella-shaped","cozy, gentle, soft, warm_lighting","bark, decaying_wood, mushroom","#342d2c, #786961, #c4b196",a fungus grows on rotting logs in the forest | a fungus growing on the bark of an oak tree,"A variety of fungi with a mix of warm colors such as yellow, orange, and brown hues, sprouting from the crevices and decomposing fibres of rotting logs resting on the forest floor. Some are umbrella-shaped while others resemble shelves clinging onto the bark of a nearby sturdy oak tree. There's a subtle yet dynamic motion as the fungi slightly sway with the gentle forest breeze. The lighting is soft and dappled, with beams of sunlight piercing through the canopy above, lending a cozy and warm ambiance to the scene."
Planar Pavillions_prores_scene_001,/Volumes/CORSAIR/SCENES/Planar Pavillions_prores_scene_001_hap.mov,13.71,59.94,1920x1080,33.33,1.128,dynamic,warm,"aerial, california_desert, desert_field, deserted_area, grasses, trees","high-angle_shot, landscape","isolation, serenity","sand, vegetation","#bc9261, #573a24, #996f45","an aerial view of the california desert | san francisco, california, united states | an aerial view of a desert field with trees and grasses | a deserted area in the middle of the image | a deserted field with trees and grasses",A high-angle shot captures the warm hues of a deserted Californian desert area with scattered trees and grasses swaying gently in the breeze.
MVI_0420_prores_scene_002,/Volumes/CORSAIR/SCENES/MVI_0420_prores_scene_002_hap.mov,8.68,29.97002997002997,1280x720,30.975,0.513,dynamic,cool,"airplane_window, lake, trees, view","aerial, landscape, natural_light, reflections","coolness, serenity","glass, vegetation, water","#4877a9, #4e543c, #74a8d3",a view of the lake from the window of an airplane | a view of trees and trees from the window of an airplane | a view of the lake in the background,"Through an airplane window, a vast lake with a shimmering surface sprawls below. Clustered trees fringe the water, contrasting with the lake's cool hues. Light diffuses softly overhead."
64175173382__33ADC394-2A16-4A0B-8A61-25193994F498_prores_scene_001,/Volumes/CORSAIR/SCENES/64175173382__33ADC394-2A16-4A0B-8A61-25193994F498_prores_scene_001_hap.mov,1.95,22.63,654x872,27.889,0.0,active,neutral,"grass, hills, landscape, nature, trees, water","canopy, ripple, river, soft_lighting, stream, sway","balanced, serene, tranquil","earth, foliage, vegetation, water","#82896a, #495629, #bdc2c2","a river or stream with trees on either side | a river or stream with trees and grassy hillsides | a river, creek, stream, lake or stream","A serene waterway carved naturally through the land, flanked by lush trees forming canopies over its banks. The gentle flow of the stream or river creates a ripple on the surface, with the murmur of moving water as the main auditory element. On either side of the river, the landscape steadily ascends into grassy hills adorned with patches of various green hues from different types of vegetation. The overall motion is tranquil, with ripples and the subtle sway of leaves and grass in a light breeze. The emotional tone is one of calm and balance, neither melancholic nor overly vibrant. Ambient lighting suggests either an overcast sky or soft sunlight filtered through the trees."
Untitled8_prores_scene_010,/Volumes/CORSAIR/SCENES/Untitled8_prores_scene_010_hap.mov,10.95,29.87,654x480,68.477,236.039,dynamic,neutral,"bird, light, oak, reflection, sky, sunbeam, tree","backlit, natural_light, outdoors","peaceful, serene","feathers, leaves, wood","#eceeeb, #2e332e, #7d807a",rays of light shining through a tree | a bird perched on the branches of an oak tree | a sunbeam reflected in the sky,"Streaming sunbeams pierce through the foliage of an oak, where a bird nestles on a branch, with sunlight reflecting in the sky above."
IMG_3295_scene_001,/Volumes/CORSAIR/SCENES/IMG_3295_scene_001_hap.mov,168.02,59.91,1080x1920,28.837,17.314,active,warm,"fish, ocean, sand_dune, sea, shore, waves","close_up, natural_light, outdoor, water_movement","serene, warm_lighting","foam, sand, water","#aeacae, #473f31, #7c7671","a fish swims in the water -  | a close up view of the ocean waves crashing against the shore | sand dune in the sea - stock photo,  image","A fish glides through water, nearby, ocean waves crash onto the shore, and a sand dune rests in the sea under a warm light."
2014-10-19 18.21.23_prores_scene_001,/Volumes/CORSAIR/SCENES/2014-10-19 18.21.23_prores_scene_001_hap.mov,8.11,120.0,1280x720,17.592,43.547,active,neutral,"forest, grasses, light, motion, nature, row, trees","light_conditions, linear, movement, spatial_layout",neutral,"grass, leaves, wood","#43433c, #9b8c78, #f0f2f4",a row of trees in the forest | a forest of trees and grasses,"A linear arrangement of trees intermingles within a wider expanse of a lush forest. The underbrush is speckled with various species of grasses. Movements in the scene could be the gentle sway of tree branches and the subtle oscillation of grass blades, indicating a presence of a light breeze. The emotional tone is neutral, neither overly calming nor stimulating. Ambient light filters through the tree canopy, creating a balance of light and shadows across the forest floor."
00_0022_2013-12-28_005447_prores_scene_001,/Volumes/CORSAIR/SCENES/00_0022_2013-12-28_005447_prores_scene_001_hap.mov,10.21,29.97002997002997,720x480,39.356,245.438,dynamic,neutral,"cliff, ice, icicles, lake, river, snow, winter","contrast, dynamic, neutral_colors, soft_lighting",latent,"ice, rock, snow","#8d9696, #4e524b, #e9f3f2","snow and ice on a frozen river | ice falls down the side of a rock cliff - icicles stock videos and  footage | ice, snow, sleet and snow | ice falls from a cliff into the river | ice, snow, sleet and snow on a frozen lake in winter","A frozen river stretches through the scene, its surface covered with snow and ice, capturing the latent stillness of a winter landscape. Alongside the river, a rock cliff stands draped in cascading ice formations, with icicles punctuating its rugged face. Periodically, chunks of ice break free, tumbling down the cliff with a subdued crash and splashing into the river below, sending ripples across the otherwise motionless water. The lake nearby shares the river's frozen state, displaying a blanket of snow punctuated by patches of sleet. The dynamic activity of the falling ice contrasts with the static nature of the frozen surroundings. The overall color mood is neutral, with the whites and grays of the winter palette dominating. The sunlight is soft and diffused, possibly due to the overcast sky, which casts a uniform light across the cold landscape."
Drone flyover of fog filled valleys in the Southern Tier of WNY_prores_scene_001,/Volumes/CORSAIR/SCENES/Drone flyover of fog filled valleys in the Southern Tier of WNY_prores_scene_001_hap.mov,196.63,29.97002997002997,1280x720,20.667,81.433,active,cool,"aerial, diffused_light, forest, mountains, valleys","aerial_perspective, cool_palette, diffuse_lighting, landscape, rolling_motion","mystery, serenity, tranquility","mist, natural_light, trees","#2c2f31, #dddbdb, #898c93",aerial view of a forest covered with fog | a view of the mountains and valleys from above,"An expansive forest blankets the undulating terrain, its vastness only broken by swirls of creeping fog that gently roll over the tree canopy. The fog lends a dreamlike quality to the scene, mingling with the verdant greens of the forest to create a cool-toned mosaic. From this elevated perspective, the mountainous landscape reveals itself, with valleys softly disappearing into the mist. The motion of the fog suggests a serene dynamism as it hovers and flows above the forest, suggesting the presence of subtle winds. The lighting is soft and diffuse, likely indicative of either early morning or late afternoon, casting a tranquil and mysterious ambiance over the entire vista."
00_0031_2013-12-28_011001_prores_scene_001,/Volumes/CORSAIR/SCENES/00_0031_2013-12-28_011001_prores_scene_001_hap.mov,54.59,29.97002997002997,720x480,5.056,3.004,moderate,warm,"bird, close_up, foreground, ground, ice, mud, object, perched, rocks, texture","close_up, mixed_textures, motion, natural_light, perceptual_constrast, sharp_focus, warm_lighting","attentive, gentle, tranquil, warm_lighting","feathers, ice, mud, rock","#7a7470, #c0bebe, #575048",a bird perched on the ground | a close-up of ice on rocks | a bird perched on the edge of mud | a close-up of an object in the foreground,"In the foreground, a bird stands grounded, its feathers ruffled by the moderate breeze. Adjacent, the scene transitions to a contrasting texture of ice on rocks, with the translucence catching warm light that infuses the frame with a gentle glow. Nearby, another bird remains poised at the muddy brink, tentative yet attentive. In close proximity, an object is prominently featured in sharp focus, demanding the viewer's immediate attention amidst the softer background. The lighting casts a warm hue across the scene, highlighting the variations in texture from the softness of feathers, the rigidity of ice, and the malleability of mud."
00_0017_2013-12-28_004204_prores_scene_001,/Volumes/CORSAIR/SCENES/00_0017_2013-12-28_004204_prores_scene_001_hap.mov,103.61,29.97002997002997,720x480,29.226,519.892,active,neutral,"forest, icicles, natural_light, nature, rock, snow, trees","composition, lighting, movement, refraction, shadows, translucence","peaceful, quiet, serene","ice, light, snow, stone, water, wood","#d3deda, #0e0f0d, #82857a",icicles hanging from a rock | sun shining through trees in a forest,"A jagged array of transparent icicles dangle precariously from a gray, stone outcropping. Sunlight filters softly through dense forest canopy overhead, casting dappled patterns of light and shadow onto the snow-dusted forest floor. The delicate motion of the icicles is implied, their tips occasionally catching and refracting the sunlight as they slowly melt. The overall color scheme is neutral, defined by the natural hues of the stone, the subtle green of the pine needles, and the soft whites of the snow and icicles. The emotional tone is one of serene, undisturbed nature, while the lighting suggests a clear day with the sun positioned high enough to penetrate the forest's expanse."
IMG_0333,/Volumes/CORSAIR/SCENES/IMG_0333_hap.mov,1.7,22.31,960x720,9.103,0.0,moderate,cool,"fire_pit, flames, woods","cool_color_mood, motion","calm, serene","fire, smoke, wood","#252d34, #f1f8f9, #926a83",a fire pit with flames in the background | a fire pit in the middle of the woods,A fire pit with crackling flames sits in a wooded area. The flickering fire provides a cool-toned yet warm illumination against the evening woods.
GP010503_prores_scene_001,/Volumes/CORSAIR/SCENES/GP010503_prores_scene_001_hap.mov,392.8,23.976023976023978,3840x2160,11.941,14.288,moderate,warm,"central_focus, dusk, fire_pit, flames, garden","background, evening_light, foreground, motion","invigorating, tranquility, warm_lighting","fire, natural_light, smoke","#444233, #b6bfcc, #9a7452",a fire pit with flames in the background | a fire burns in the garden | a view of the fire in the garden at dusk | a fire burns in the middle of the image,"In the scene, a fire pit with dancing flames is prominently situated in a garden setting. The fire's dynamic, moderate motion is the focal point, surrounded by the softening light of dusk that enhances the overall warm color mood. The background is less defined due to the gathering evening gloom."
00_0023_2013-12-28_005751_prores_scene_001,/Volumes/CORSAIR/SCENES/00_0023_2013-12-28_005751_prores_scene_001_hap.mov,33.71,29.97002997002997,720x480,26.659,22.832,active,cool,"cold, ice, macro_photography, snow, tree_branch","close_up, contrast, pattern, soft_lighting, texture","crisp, serene, tranquil","ice, snow, wood","#3d4149, #8ea6c0, #70849a","a close-up view of ice crystals in the snow | close-up of a tree branch with snow and ice on it | ice crystals - stock photo,  image | a close-up of snow and ice on the ground | ice crystals and snowflakes on a white background","The scene captures a series of macroscopic images showcasing various forms of ice. The center focuses on a sharp, intricate cluster of ice crystals glistening with complex patterns akin to fine lacework. To the left, a tree branch emerges, partially cloaked in a delicate layer of snow and ice, creating a contrast between the organic lines of the wood and the geometric frost. The background is a soft blur of white, hinting at a snowy environment without drawing attention away from the ice details. The motion perceived appears to be the gentle formation and sublimation of the crystals, although the scene is static. The color mood conveys a cool ambiance with blue and white hues prevalent, suggesting a cold temperature. The lighting is diffused and soft, enhancing the visibility of the delicate ice structures without causing harsh reflections."
IMG_8909,/Volumes/CORSAIR/SCENES/IMG_8909_hap.mov,18.44,23.976023976023978,1920x1080,13.817,12.233,moderate,cool,"bokeh, cool_lighting, light_play, night_sky, reflection, water","close_up, composition, contrast, reflection","calm, peaceful, serene","light, sky, water","#93a8b0, #fbfafa, #cbcfd2","a close-up image of bokeh lights in the sky | bokeh light reflections in the water | a close-up of the bokeh in the foreground | bokeh, lighting, and composition of the image | bokeh, light and shadows","Distinguishable bokeh lights scatter across the night sky with subtle motion, reflected crisply in the tranquil water below. The bokeh's hue and the scene's overall cool color mood impart a serene atmosphere, while the interplay of light and shadow enhances the visual depth."
00_0026_2013-12-28_010034_prores_scene_001,/Volumes/CORSAIR/SCENES/00_0026_2013-12-28_010034_prores_scene_001_hap.mov,41.71,29.97002997002997,720x480,5.482,8.508,moderate,cool,"branch, cold, icicles, nature, tree, winter","bluish_hue, diffuse_light, hanging, swaying, tapering, transparent","chill, quiet, static","ice, sky, wood","#20201c, #72808c, #3e4244",icicles hanging from a tree branch,"Transparent icicles dangle from the semi-bare limbs of a dormant tree, their cylindrical shapes tapering to fine points. The overcast sky casts a diffuse light that imparts a chill, bluish hue to the scene, emphasizing the cold temperature. As a gentle breeze stirs, the icicles sway slightly, their motion moderate but perceptible. The surrounding atmosphere feels still and quiet."
Planar Pavillions_prores_scene_006,/Volumes/CORSAIR/SCENES/Planar Pavillions_prores_scene_006_hap.mov,7.45,59.93,1920x1080,31.636,8.085,dynamic,warm,"aerial, california, desert, drone, mountains","landscape, natural_light, open_space, vastness","serenity, solitude, tranquility","rock, sand, sky","#5f412a, #748d9f, #a2784f",a drone flies over the desert in california | an aerial view of a deserted area in the middle of the desert | a desert landscape with mountains in the background,"Drone glides over a vast Californian desert, capturing a barren expanse with rolling sandy terrain. Rugged mountains rise in the distance under a warm, luminous sky."
GOPR0216_prores_scene_001,/Volumes/CORSAIR/SCENES/GOPR0216_prores_scene_001_hap.mov,1.79,59.94,1920x1080,17.874,0.0,active,warm,"grass, leisure, movement, natural_light, park, trees","background, shadows, spatial_layout, warm_lighting","bustling, vibrant, vitality, warm_lighting","foliage, natural_light","#424618, #dddfd2, #999852",a park with trees and grass in the background,"A vibrant park bustling with life, dotted with verdant trees and a lush carpet of grass stretching throughout. The scene brims with dynamic movement, perhaps from children playing or people strolling leisurely across the park. The warm color mood suggests the scene is bathed in the golden hues of either early morning or late afternoon sunlight, casting soft shadows and enriching the vitality of the surroundings."
00_0014_2013-12-28_003909_prores_scene_001,/Volumes/CORSAIR/SCENES/00_0014_2013-12-28_003909_prores_scene_001_hap.mov,17.52,29.97002997002997,720x480,42.183,52.908,dynamic,warm,"beams, forest, light, rays, shadow, sun, tree","dynamic, gentle, rhythmic, rustling, swaying","serene, tranquil, warm_lighting, welcoming","leaves, natural_light, wood","#25241b, #f5edde, #80715f",the sun shining through a tree | rays of light shining through trees,"A tranquil forest scene where the sun filters through the lush canopy of a tree, casting golden beams of light in multiple directions. The branches sway gently, creating a rhythmic dance of light and shadow on the ground below. The leaves rustle softly, adding to the dynamic movement within the space. Light filters down in warm hues, contributing to the serene and welcoming emotional tone of the scene."
00_0010_2013-12-28_002935_prores_scene_006,/Volumes/CORSAIR/SCENES/00_0010_2013-12-28_002935_prores_scene_006_hap.mov,10.68,29.97002997002997,720x480,52.963,436.184,dynamic,neutral,"bare_branches, forest, leaves, natural_light, trees, woods","arboreal, luminous, natural_light, shadow_play, sylvan","calming, peaceful, serene","bark, foliage, light, wood","#858886, #f3f6f6, #414741",a forest with trees and trees in the background | a tree in the woods with bare branches and leaves | the sun shines through the trees in a forest,"A serene forest setting where sunlight filters through the dense canopy of trees. In the woods, a distinct tree stands with its bare branches amidst others with leaves. The light dapples the forest floor, creating a dance of light and shadow. The emotional tone is peaceful and calming. The sunlight provides natural illumination, casting subtle hues across the scene."
MVI_0725_prores_scene_001,/Volumes/CORSAIR/SCENES/MVI_0725_prores_scene_001_hap.mov,48.31,29.97002997002997,1280x720,11.651,1.437,moderate,cool,"fish, swimming, water","motion, spatial_layout","cool, serene","natural_light, underwater_lighting","#8a8f8f, #797e86, #99a09c",a small fish swims in the water,"A solitary small fish glides through water, exhibiting a fluid, moderate pace."
MVI_0292_prores_scene_001,/Volumes/CORSAIR/SCENES/MVI_0292_prores_scene_001_hap.mov,11.01,29.97002997002997,320x240,33.808,18.199,dynamic,cool,"airplane_window, blue_sky, colorado, mountains, nevada, saguaro_national_park, white_clouds","dynamic, high_angle, natural_light","expansive, tranquil","air, glass, stone","#a2cddd, #777b6e, #4a5a49",blue sky with white clouds in the sky | a view from the window of an airplane as it passes over the mountains of nevada | a mountain range in the state of colorada | saguaro national park in colorado,"View from airplane window revealing mountains of Nevada with blue sky and clouds above, transitioning to Colorado range and Saguaro National Park."
IMG_8909_prores_scene_001,/Volumes/CORSAIR/SCENES/IMG_8909_prores_scene_001_hap.mov,18.5,23.976023976023978,1920x1080,13.941,10.868,moderate,cool,"bokeh, close_up, light, reflection, water","background_blur, foreground_focus, light_patterns, reflective_surface","calm, cool, serene","light, water","#f8f8f8, #8fa7ae, #c6cdce","a close-up of the reflections of light on water | bokeh light reflections in the water | a close-up of an object in the foreground | bokeh, light, and shadows","Close-up of water surface with soft bokeh light reflections. An object slightly blurred in the foreground. Calm water ripples causing moderate perceptual motion, imbued with a cool color mood."
2014-11-08 16.35.23_prores_scene_001,/Volumes/CORSAIR/SCENES/2014-11-08 16.35.23_prores_scene_001_hap.mov,2.52,29.97002997002997,1080x1920,3.967,0.0,still,warm,"gradient, horizon, reflection, reflections, sea, sunrise","balance, gentle_rise, static, transition","serene, tranquil, warm_lighting","natural_light, sky, water","#ceb68f, #222120, #756a5a",a sun rising over the sea | a sunrise or sunset over the sea,"The scene displays the sun at the crest of a gentle rise, seemingly balanced delicately on the horizon where the sea meets the sky. The water reflects the sunlight, causing the sea to shimmer with a palette of oranges, reds, and yellows. The sky is painted with gradients of the same warm colors, transitioning softly into the coolness of the distant heavens. There is no discernible movement, implying a tranquil and serene moment. Lighting conditions hint at the early hours of the day, with the sun providing a soft, diffused light as it rises."
4_prores_scene_001,/Volumes/CORSAIR/SCENES/4_prores_scene_001_hap.mov,7.4,30.0,2160x3840,20.216,174.782,active,cool,"airplane_window, clouds, serene, sky, view","cool_lighting, drifting_motion, expansive, soft_lighting, steady_glide","peaceful, soothing","air, cloud, glass, metal","#aabac2, #373948, #888b8f",a view from the window of an airplane,"A serene expanse of the sky viewed through an airplane window presents scattered clouds drifting slowly across the azure canvas. The gentle motion of the clouds contrasts with the smooth, steady glide of the plane, offering a silent spectacle to the observer. The cool color mood is established by the dominance of the sky's blues and the whites of the meandering clouds, with occasional patches of earth tones from the ground far below. Subdued sunlight filters through, casting a soft, natural light across the scene, contributing to the calming atmosphere."
00_0015_2013-12-28_003949_prores_scene_001,/Volumes/CORSAIR/SCENES/00_0015_2013-12-28_003949_prores_scene_001_hap.mov,4.31,29.97002997002997,720x480,9.612,0.0,moderate,cool,"dusk, monochrome, sledding, snow_path, tree, trees_in_woods, winter_activity, woods","contrast, low_light, monochrome, motion, snow","coolness, dynamic, serenity, tranquility","bare_trees, ice, snow, soft_lighting, wood","#0b0d0c, #242b31, #545b63",sledding down a snowy path | a tree in the woods at dusk | a black and white image of trees in the woods,"The scene presents a dynamic winter activity as an individual is sledding down a gently curving snowy path bordered by soft-edged banks of snow. To one side, tucked amidst bare, frost-adorned trees, a solitary tree stands slightly more prominent as the sky, tinged with the subtle purples and blues of dusk, crowns the forested backdrop. The dwindling natural light casts soft shadows, creating a serene yet chilly atmosphere. A separate depiction offers a monochrome perspective of the woods, where the intricate network of tree branches form stark contrasts against the white snow, evoking a timeless and tranquil stillness."
C0027_prores_scene_001,/Volumes/CORSAIR/SCENES/C0027_prores_scene_001_hap.mov,9.84,23.976023976023978,1920x1080,3.021,0.924,still,cool,"empty_room, illuminated, light_sculpture, low_light, monochrome, no_people","contrast, minimalist, shadows, soft_lighting, still_life, symmetrical","calm, cool_lighting, serene, solitude, static","dark, light_sources","#212122, #080508, #afbfb2",a black and white image of an empty room with lights on | an image of a light sculpture in the dark,"The image portrays an austere room devoid of furnishings or occupants. The walls are bare, and the room's only features are the palpable textures of the surface materials and the punctuating presence of lights that are currently illuminated, casting an even glow across the space. The second image captures the essence of a light sculpture against the opaque shroud of darkness, visible as a complex intertwining of illuminated lines and shapes that are seemingly suspended in the void. The absence of movement suggests a moment frozen in time."
00_0037_2013-12-28_012432_prores_scene_001,/Volumes/CORSAIR/SCENES/00_0037_2013-12-28_012432_prores_scene_001_hap.mov,22.61,29.97002997002997,720x480,10.797,67.709,moderate,warm,"forest, hill, landscape, snow, snowfall, trees, winter, woods","background, clusters, earth, slope, snow_cover","cozy, inviting, serene, tranquil, undisturbed","organic, snow, wood","#d7d0c5, #847f76, #fcfbf9",a snow covered hill with trees in the background | a snowy day in the woods | a snow covered forest with trees and trees | a winter scene with snowy trees and snow on the ground,"A picturesque landscape dominated by a gently sloping hill blanketed in pristine snow, with clusters of trees standing at intervals in the background. The woods exude a serene and undisturbed quality, suggesting that it is indeed a snowy day. The forest appears dense, with the trees closely packed, their branches heavy with layers of snow. In the foreground, the snow-covered ground adds to the winter scene's tranquility. While the overall motion is moderate, hints of movement may come from a soft snowfall or branches swaying gently in the breeze. The lighting casts a warm glow despite the cold surroundings, likely from the angle of the sun or the reflection of light on the snow, creating a visually inviting and cozy atmosphere."
MVI_0580_prores_scene_001,/Volumes/CORSAIR/SCENES/MVI_0580_prores_scene_001_hap.mov,26.3,29.97002997002997,1280x720,16.301,8.68,active,cool,"eruption, geyser, hot_springs, iceland, volcano","crater, motion, steam, video_footage, water","dramatic, forceful, natural_wonder","geothermal, rock, vapor","#aeaeae, #5d6367, #84888a",a geyst hot springs in iceland stock video footage | lava erupts from a geyst - video  | a geyser with steam rising from the water | geyser erupting from a volcanic crater,"Video depicts a geyser in Iceland, with steam and water erupting vigorously from a volcanic crater."
IMG_0332_prores_scene_001,/Volumes/CORSAIR/SCENES/IMG_0332_prores_scene_001_hap.mov,3.1,21.33,872x652,15.338,0.0,active,cool,"dusk, fire_pit, flames, garden, landscape, plants, twilight","central_focus, contrast, lighting, movement, outlines","contrast, dynamic, restful","fire, smoke, vegetation, wood","#74a1db, #151922, #bb3438",a fire in the garden at dusk | a fire pit in the middle of the image,"The garden is shrouded in twilight, with the central focus on a fire pit where flames dance and flicker vigorously against the encroaching night. The sky shows remnants of daylight with cool hues of indigo and mauve blending into the shadowy landscape. The garden itself is barely visible, with the outlines of plants soft and indistinct in the dim light. The fire's crackling movement provides a stark contrast to the stillness of the dusk, creating an interplay between the restful setting and the dynamic fire."
00_0021_2013-12-28_005311_prores_scene_001,/Volumes/CORSAIR/SCENES/00_0021_2013-12-28_005311_prores_scene_001_hap.mov,51.71,29.97002997002997,720x480,40.63,51.697,dynamic,cool,"ice, icicles, rock_wall, tree, water_droplets","bare_branches, elongated_shapes, glittering, transparency","serenity, tranquility","light, rock, water, wood","#b7cad8, #272723, #818e99",icicles hanging from a rock wall | icicles hanging from a tree branch,"An array of slender, transparent icicles dangle delicately from the rugged underside of a rock wall, catching the light in a cool, glittering display. Adjacent to this, icicles of varying lengths hang from the bare, wooden fingers of a tree branch, seemingly frozen in a still dance. The scene is dynamic as droplets of water intermittently fall from the tips of the icicles, suggesting a subtle, almost imperceptible swaying motion. The overall color mood is cool, dominated by the icy blues and whites of the icicles against the muted backdrop. The emotional tone is serene and tranquil, underscored by the quietude of the scene. Subdued lighting likely from an overcast sky enhances the cold, crisp ambiance."
GP040496_prores_scene_001,/Volumes/CORSAIR/SCENES/GP040496_prores_scene_001_hap.mov,483.5,23.976023976023978,3840x2160,2.935,0.067,still,cool,"cool, grass, landscape, monochrome, park, serenity, soft_lighting, solitude, trees","absence_of_people, expanse, overcast_shadows, scattered, soft_shadows, static, uncrowded","calm, peaceful, serenity, solitude, static","grass, monochrome, natural_elements, trees","#7993ae, #494c46, #b5c6d2",a field of grass with trees and grass | a city park with trees and grass | a black and white image of an empty field | a black and white image of an empty field with trees and grasses | a black and white image of an empty parking lot,"An uncrowded, monochrome landscape showcasing an expanse of grass possibly in a serene park-like setting with scattered trees. The absence of people or significant objects lends a feeling of solitude. The image is still, indicating no apparent movement, and displays a cool color mood, with overcast or diffused lighting creating soft shadows."
IMG_3299_scene_001,/Volumes/CORSAIR/SCENES/IMG_3299_scene_001_hap.mov,9.8,30.0,2160x3840,41.598,39.86,dynamic,cool,"forest, natural_light, snow, trees, winter","dappled_light, shadows, woodland","coolness, serenity, tranquility","light, snow, wood","#777f8c, #313744, #c0c7d2",the sun shines through trees in a snowy forest | a tree in the woods with snow on the ground,"Weak sunlight filters through the sparse canopy of a snow-laden forest, casting a dappled pattern on the white blanket below. Sunbeams dance as they pierce the cool air, imbuing the scene with a serene yet vibrant energy."
MVI_0546_prores_scene_001,/Volumes/CORSAIR/SCENES/MVI_0546_prores_scene_001_hap.mov,91.33,29.97002997002997,1280x720,33.919,44.93,dynamic,cool,"bison, grizzly_bear, montana, nature, nevada, wildlife, yellow_river, yellowstone","animal, landscape, park, river, snow","majestic, serene, wild","fur, grass, snow, water","#686d5d, #a1abad, #f1f5f6","a group of bisons grazing in the snow | yellow river in yellowstone national park, nevada, united states | a grizzly bear standing on the side of the river in yellowstone national park | a bison grazes in the grass | a view of the yellowstone river in the national park in montana, united states | a lone grizzly bear standing on the banks of yosemite river","Bisons graze in snow-curled fields, a grizzly surveys the Yellow River in Nevada, and the Yellowstone flows tranquilly in Montana, flanked by another bear."
